Installed Units,Technology,Total Installed Capacity
38.89254491037759,Solar PV,38.89254491037759
103.00437225904307,Battery Storage,103.00437225904307
-9.970819531662048e-9,Diesel Generator,-9.970819531662048e-9
